paper_reference,paper_description,required_implementation,current_file,current_function,current_status,required_change,validation_method
pp. 741-742; Eq. (1),Option value is expectation of payoff under a transition law,Monte Carlo payoff estimator,src/replication/estimators.py,pathwise_estimators,PAPER-SUPPORTED BUT INTERPRETED,Document discounting and estimator sampling assumptions,Compare payoff mean to analytic price where available
p. 742; Eq. (2),Compose Markov transitions at option observation times,Observation-grid path construction,src/replication/models.py,merton_base_paths and mrjd_base_paths,PAPER-SUPPORTED BUT INTERPRETED,Add explicit transition interfaces and test monitored marginals,Analytic transition mean/variance tests
p. 742; Eqs. (3)-(4),Risk-neutral GBM log dynamics,GBM transition under EMM,src/replication/models.py,merton_base_paths,PAPER-SUPPORTED BUT INTERPRETED,Separate reusable GBM model from Merton helper,Black-Scholes price and exact moments
pp. 742-743; Eqs. (5)-(6),Merton compensator and jump log-size law,Compound Poisson log-price with risk-neutral drift,src/replication/models.py,merton_interval_effects and sample_merton_marks,AMBIGUOUS IN PAPER,Resolve Table-1 mu_J mapping or keep explicit branch,Compare both interpretations against Figure 1 panel a
p. 743; Merton transition density,Infinite Poisson mixture transition law,Analytic Merton transition or validated path law,src/replication/validation.py,merton_call,PAPER-SUPPORTED BUT INTERPRETED,Add density/transition validation independent of endpoint mixture,Analytic mixture and jump-count tests
p. 743; Merton coupling description,Use shared diffusion and insert jumps at event times,CRN Merton path coupling,src/replication/models.py,merton_interval_effects,PAPER-SUPPORTED BUT INTERPRETED,Expose per-path coupling trace,Compare direct Q path and sum of local effects
p. 743; Eq. (7),Vasicek OU process and exact transition,Exact Gaussian OU transition,src/replication/models.py,mrjd_base_paths,PAPER-SUPPORTED BUT INTERPRETED,Factor exact OU transition and test multi-time covariance,Closed-form mean/variance and covariance
p. 744; Eq. (8),Risk-adjusted MRJD drift with compound Poisson jumps,MRJD interval transition,src/replication/models.py,mrjd_interval_effects,AMBIGUOUS IN PAPER,Test lambda^M sensitivity; zero is an explicit choice,MRJD analytic mean/variance at lambda^M=0 and nonzero
p. 743-746; double-exponential density,Asymmetric exponential tails with beta mean magnitudes and sign probabilities,Draw signed exponential marks,src/replication/models.py,sample_double_exponential_marks,PAPER-SUPPORTED BUT INTERPRETED,Keep 50/50 numerical density; test first/second moments,Compare empirical marks to theoretical moments
pp. 744-745; Eqs. (13)-(14),Actual Poisson stopping-time partition,Random intervals 0=tau_0<...<tau_N<T,src/replication/models.py,sample_jump_times,PAPER-SUPPORTED BUT INTERPRETED,Return/store interval lengths and event diagnostics,Poisson count and conditional order-statistic tests
pp. 744-745; Eq. (14),"Mixture transition kernel p_i,theta=(1-theta)p_i+theta q_i",Explicit endpoint mixture API and gradient kernel,src/replication/models.py,mix_transition_samples,IMPLEMENTED BUT INTERPRETED,Add full transition-law tests beyond endpoint checks,Distribution test p_0=P and p_1=Q
p. 745; Eqs. (15)-(17),First derivative from every single local q-p replacement,GradOne statistic,src/replication/estimators.py,_expand_local_replacements and _randomized_mvd_estimators,PAPER-SUPPORTED BUT INTERPRETED,Show estimator distribution/variance and document interval lottery,Small toy exact enumeration and repeated randomized expectation/variance
p. 745; Eq. (18),Second derivative from pairwise distinct local replacements,GradTwo second-order Taylor statistic,src/replication/estimators.py,_expand_local_replacements,PAPER-SUPPORTED BUT INTERPRETED,Validate all pair terms for variable interval counts,Exhaustive toy comparison for multiple payoff functions
pp. 745-746; Eqs. (19)-(20),GradTwo uses first plus half second derivative,Second-order test,src/replication/estimators.py,pathwise_estimators,PAPER-SUPPORTED BUT INTERPRETED,Validate variance and t-statistic on toy laws,Monte Carlo distribution comparison with exact enumeration
2018 author presentation slides 6-7,Weights N(t)+1 and (N(t)+1)/2,Randomized interval selection,src/replication/estimators.py,_randomized_mvd_estimators,PAPER-SUPPORTED BUT INTERPRETED,Do not claim article alone specifies interval selection; compare variance/figure behavior,Reconstruct slide diagrams and test weight expectation
p. 744 footnote 2,Common random numbers use same underlying random numbers,Paired P/Q differences,src/replication/estimators.py,pathwise_estimators,PAPER-SUPPORTED BUT INTERPRETED,Add CRN-active assertions/diagnostic correlations,Check shared Brownian and jump stream identities
p. 748,Antithetic in diffusion and jump times,Variance reduction implementation,src/replication/random_streams.py,antithetic_normal and models.sample_jump_times,PAPER-SUPPORTED BUT INTERPRETED,Record exact pair mapping and independent-unit convention,Paired marginal and pair-dependence tests
p. 748,Stratify probability of a jump occurring,Jump/no-jump stratification,src/replication/models.py,sample_jump_times,PAPER-SUPPORTED BUT INTERPRETED,Record stratum counts/weights and assess standard errors,Unbiased randomized-strata mean simulation
p. 748,Antithetic sampling only names diffusion and jump times,Independent jump marks across paths,src/replication/models.py,sample_merton_marks and sample_double_exponential_marks,PAPER-SUPPORTED BUT INTERPRETED,Retain independent mark draws and test marginals,Confirm independent marks with correct marginal and paired dependence diagnostics
p. 746; Examples 1-4,Vanilla and arithmetic Asian payoff functions,Four option payoffs,src/replication/payoffs.py,payoff,PAPER-SUPPORTED BUT INTERPRETED,Add shape/monitor-date formula tests,Hand-computed payoff cases
p. 746; Table 1,Pair-1 settings and jump parameters,Config transcription,config/experiments.json,models.merton,AMBIGUOUS IN PAPER,Keep mu_J branch documented,Page/table transcription audit and Figure 1 panel-a sensitivity
p. 746; Table 2,Pair-2 settings and beta means,Config transcription,config/experiments.json,models.mrjd,PAPER-SUPPORTED BUT INTERPRETED,Retain parameter provenance and beta moment tests,Direct comparison to table and density
p. 747; Figure 1,Pair-2 plotted ratio E|J|/sigma,Scale beta means to plotted ratio,src/replication/models.py,mrjd_scaled_means,AMBIGUOUS IN PAPER,Run controlled ratio-definition alternatives,Compare panels b-d without selecting by appearance alone
p. 747; Section 4 prose,Pair-2 analysis ratio lambda/(beta+ - beta-),Alternative parameter sweep,config/experiments.json,mrjd_ratio_definition,AMBIGUOUS IN PAPER,Define computable interpretations and report their consequences,Controlled sweep with explicit beta/lambda transformations
p. 746; Example 4; pp. 747-748 captions,12-observation Asian put vs call caption,Payoff direction,config/experiments.json,cases[vasicek_mrjd_asian_put_12],AMBIGUOUS IN PAPER,Run both payoff interpretations and keep caption mismatch visible,Controlled call/put comparison of prices and Figure 1/2 trends
p. 746; Tables 1-2,Market price of risk lambda^M unspecified,MRJD diffusion adjustment,config/experiments.json,models.mrjd.diffusion_market_price_of_risk,AMBIGUOUS IN PAPER,Keep 0 as explicit baseline and a sensitivity branch,Compare drift/price diagnostics across lambda^M values
pp. 747-748,Path counts 256 and Figure-1 Merton panel 16384,Monte Carlo inner sample sizes,config/experiments.json,simulation,PAPER-SUPPORTED BUT INTERPRETED,Keep per-panel sample metadata,Inspect saved rows and labels
pp. 747-748,500 outer runs Pair 1 and 300 Pair 2,Paper-scale repeated experiments,src/replication/experiments.py,_repetitions,PAPER-SUPPORTED BUT INTERPRETED,Run only after method validation,Metadata proves exact counts per case/config
p. 748; Fig. 2,Path-count sweep from 2^6 through 2^14,Figure 2 experiment,src/replication/experiments.py,run_figures23,PAPER-SUPPORTED BUT INTERPRETED,Align all test variants/rates/aggregation with figure,Check grid/replicate count and digitized trends
p. 750; Appendix A,Mean power and relative mean price comparison,Figure 3 experiment,src/replication/experiments.py,run_figures23,PAPER-SUPPORTED BUT INTERPRETED,Validate mean aggregation and full repetitions,Regenerate from saved raw rows and compare plot
pp. 745-749; Eqs. (11)-(12),Paired t statistic and practical alternative,Student-t test and power,src/replication/statistics.py,t_statistic and estimated_power,AMBIGUOUS IN PAPER,Resolve nct noncentrality recipe and dependent-sampling SE,Independent t/coverage/power calibration simulation
pp. 747-748,Antithetic and stratified sample dependence with reported t_(n-1),SE/df under dependence,src/replication/statistics.py,t_statistic,AMBIGUOUS IN PAPER,Test path-level versus pair-level independent units,Null rejection calibration under paper sampling design
pp. 747-749,Exact random seed and generator,Reproducibility,config/experiments.json,simulation.seed,PAPER DOES NOT SPECIFY,Seed 20260930 is a local deterministic choice recorded in the manifest,Run manifest and deterministic rerun check
pp. 747-750,Numeric points for Figures 1-3,Paper-versus-output numerical comparison,outputs/validation/figure_comparison.csv,approximate extrema only,PARTIAL,Paper supplies no numeric series; retain approximate reads with uncertainty and avoid invented pointwise values,Independent image digitization review
pp. 742-749,Analytical correctness checks,Validation suite,src/replication/validation.py,run_analytical_validation,PARTIALLY VALIDATED,Six model-law checks pass; randomized MVD variance and inference calibration remain,Automated analytic and Monte Carlo tests
pp. 740-751,Paper-specific numerical output style,Figure layouts and labels,src/replication/plotting.py,write_figures,INCORRECT,Match page layout/labels only after data validated,Visual review against rendered paper pages
pp. 746-750,Computational result tables,Tables generated from results,src/replication/tables.py,write_results,PARTIAL,CSV outputs are generated; paper does not publish numeric curve tables and no JSON/TeX variants exist,Round-trip consistency against raw results
All paper,Source/code/config/output provenance,Reproducibility manifest,src/replication/pipeline.py,run,IMPLEMENTED WITH LIMITATION,Hashes inputs/source/tests/scripts/outputs and records OS CPU packages and mode; Git revision unavailable,Re-run hash verification
