case,jump_rate,ratio,method,paths,seed,exhaustive_mean,randomized_mean,max_conditional_mean_error,exhaustive_path_variance,randomization_added_variance,randomized_mixture_variance,conditional_residual_se,residual_z,status
gbm_merton_vanilla_call,0.01,0.25,GradOne,8192,20460930,0.0011391321975333648,0.0024438831082864857,0.0,0.00629414033978166,0.006295653296422492,0.012589793636204152,0.0008766483703777408,1.4883400857642775,PASS_EXACT_CONDITIONAL_EXPECTATION
gbm_merton_vanilla_call,0.01,0.25,GradTwo,8192,20460930,0.0011391504022418824,0.0024439013129950032,0.0,0.006293761468451294,0.006295653296422491,0.012589414764873786,0.0008766483703777408,1.4883400857642775,PASS_EXACT_CONDITIONAL_EXPECTATION
gbm_merton_vanilla_call,0.01,0.5,GradOne,8192,20460931,0.00453380147695808,0.006898195192160611,0.0,0.009362272979402531,0.00938363266100284,0.01874590564040537,0.0010702630383759982,2.2091706715297095,PASS_EXACT_CONDITIONAL_EXPECTATION
gbm_merton_vanilla_call,0.01,0.5,GradTwo,8192,20460931,0.00453379711013942,0.006898190825341951,0.0,0.009361608249367055,0.00938363266100284,0.018745240910369894,0.0010702630383759982,2.2091706715297095,PASS_EXACT_CONDITIONAL_EXPECTATION
gbm_merton_vanilla_call,0.01,2.0,GradOne,8192,20460932,0.00387528231300701,0.0020832895606781674,0.0,0.007013804659722735,0.007274371513584054,0.014288176173306789,0.0009423294561374506,-1.9016626729192023,PASS_EXACT_CONDITIONAL_EXPECTATION
gbm_merton_vanilla_call,0.01,2.0,GradTwo,8192,20460932,0.0037025014266381514,0.002083304410614605,0.0,0.006769956524545293,0.007152031202639226,0.01392198772718452,0.0009343718124579321,-1.7329257951009165,PASS_EXACT_CONDITIONAL_EXPECTATION
gbm_merton_vanilla_call,0.08,0.25,GradOne,8192,20460940,-0.002714402823962777,-0.0031414388084183478,0.0,0.09451886709422,0.10896837795185825,0.20348724504607824,0.0036471638226437605,-0.11708714091872643,PASS_EXACT_CONDITIONAL_EXPECTATION
gbm_merton_vanilla_call,0.08,0.25,GradTwo,8192,20460940,-0.002738076987750175,-0.0031544273035513173,2.4868995751603507e-14,0.0945235325431807,0.10812223141765774,0.20264576396083844,0.0036329759946015054,-0.11460310126459042,PASS_EXACT_CONDITIONAL_EXPECTATION
gbm_merton_vanilla_call,0.08,0.5,GradOne,8192,20460941,0.0008665984867493306,-0.0038178031458349325,0.0,0.09588753466643163,0.10005287542340383,0.19594041008983545,0.003494779788407057,-1.3403996578335036,PASS_EXACT_CONDITIONAL_EXPECTATION
gbm_merton_vanilla_call,0.08,0.5,GradTwo,8192,20460941,0.0010175856227906538,-0.0038265456513803327,1.4210854715202004e-14,0.09518221459196041,0.09966067183496309,0.1948428864269235,0.0034879233585120377,-1.3888296204528738,PASS_EXACT_CONDITIONAL_EXPECTATION
gbm_merton_vanilla_call,0.08,2.0,GradOne,8192,20460942,0.020831366252723874,0.02382984693466854,0.0,0.07568035172712725,0.07680726744281563,0.15248761916994288,0.003062007044246564,0.9792533585377371,PASS_EXACT_CONDITIONAL_EXPECTATION
gbm_merton_vanilla_call,0.08,2.0,GradTwo,8192,20460942,0.021010991244958574,0.023675223562924022,1.0658141036401503e-14,0.07278529448640303,0.07569125726052092,0.14847655174692395,0.003039680152139314,0.8764844275113527,PASS_EXACT_CONDITIONAL_EXPECTATION
gbm_merton_vanilla_call,0.7,0.25,GradOne,8192,20460950,0.04188095555655068,0.05514134893754227,0.0,46.56901761457812,207.62361495347466,254.19263256805277,0.1592001242453985,0.08329386326703726,PASS_EXACT_CONDITIONAL_EXPECTATION
gbm_merton_vanilla_call,0.7,0.25,GradTwo,8192,20460950,0.04041344077890455,0.05333057785540865,8.526512829121202e-14,46.56395102812782,207.65721490799615,254.22116593612395,0.15921300548855533,0.08113116787706515,PASS_EXACT_CONDITIONAL_EXPECTATION
gbm_merton_vanilla_call,0.7,0.5,GradOne,8192,20460951,0.03446768096351465,0.027592956289275914,0.0,5.037959857124241,8.438918784261261,13.476878641385502,0.03209581675478741,-0.21419379125827356,PASS_EXACT_CONDITIONAL_EXPECTATION
gbm_merton_vanilla_call,0.7,0.5,GradTwo,8192,20460951,0.03409565380038276,0.02676251580059644,2.8421709430404007e-13,5.069398353276535,8.468950667697758,13.538349020974293,0.03215287630295226,-0.22807097973729323,PASS_EXACT_CONDITIONAL_EXPECTATION
gbm_merton_vanilla_call,0.7,2.0,GradOne,8192,20460952,0.03450075880122784,0.02174411776788247,0.0,1.0488718863738535,1.8663212640039866,2.9151931503778403,0.015093787461149758,-0.8451583849434726,PASS_EXACT_CONDITIONAL_EXPECTATION
gbm_merton_vanilla_call,0.7,2.0,GradTwo,8192,20460952,0.03613994476833834,0.023201826103288692,8.526512829121202e-14,1.054346204491726,1.8634881669492656,2.917834371440992,0.015082326839037437,-0.8578330653571337,PASS_EXACT_CONDITIONAL_EXPECTATION
vasicek_mrjd_vanilla_put,0.01,0.2,GradOne,8192,20461030,-0.0016574506407419543,0.00042609106501874383,0.0,0.011774353457034618,0.01179823928172251,0.023572592738757128,0.001200089478359694,1.7361552978603916,PASS_EXACT_CONDITIONAL_EXPECTATION
vasicek_mrjd_vanilla_put,0.01,0.2,GradTwo,8192,20461030,-0.001659616161876451,0.0004239255438842453,1.7763568394002505e-15,0.011765564735805764,0.011798239281722508,0.02356380401752827,0.001200089478359694,1.7361552978603911,PASS_EXACT_CONDITIONAL_EXPECTATION
vasicek_mrjd_vanilla_put,0.01,0.33,GradOne,8192,20461031,-0.0003333703601209404,-0.00490041138974278,0.0,0.04168611160079551,0.04317375112225513,0.08485986272305064,0.0022956988677287162,-1.9893902871243345,PASS_EXACT_CONDITIONAL_EXPECTATION
vasicek_mrjd_vanilla_put,0.01,0.33,GradTwo,8192,20461031,-0.0005193067296539794,-0.0051791671413460435,1.7763568394002505e-15,0.04187522519078707,0.04326784105304405,0.08514306624383111,0.002298199051114898,-2.0276139307565555,PASS_EXACT_CONDITIONAL_EXPECTATION
vasicek_mrjd_vanilla_put,0.01,1.0,GradOne,8192,20461032,0.00967608311833153,0.013555159660592512,0.0,0.23728609748081977,0.2374872399580482,0.47477333743886796,0.005384249399539497,0.7204488972209852,PASS_EXACT_CONDITIONAL_EXPECTATION
vasicek_mrjd_vanilla_put,0.01,1.0,GradTwo,8192,20461032,0.00967772644500382,0.013556802987264801,3.552713678800501e-15,0.23720910070368276,0.2374872399580482,0.47469634066173094,0.005384249399539497,0.7204488972209853,PASS_EXACT_CONDITIONAL_EXPECTATION
vasicek_mrjd_vanilla_put,0.08,0.2,GradOne,8192,20461040,0.011260569307422738,0.0030469409803984653,0.0,0.2933616581516774,0.3491405272852667,0.6425021854369442,0.006528376005725105,-1.2581426559716027,PASS_EXACT_CONDITIONAL_EXPECTATION
vasicek_mrjd_vanilla_put,0.08,0.2,GradTwo,8192,20461040,0.011158118431833966,0.002946215490338997,7.105427357601002e-15,0.29296014585535674,0.34913201042938213,0.6420921562847388,0.006528296379367892,-1.2578937082954702,PASS_EXACT_CONDITIONAL_EXPECTATION
vasicek_mrjd_vanilla_put,0.08,0.33,GradOne,8192,20461041,0.00673600495816162,0.0015230754692859387,0.0,0.35584018142192814,0.381920434946442,0.7377606163683701,0.006827967987919107,-0.7634671835162472,PASS_EXACT_CONDITIONAL_EXPECTATION
vasicek_mrjd_vanilla_put,0.08,0.33,GradTwo,8192,20461041,0.006651056645688585,0.0012117840982075294,3.552713678800501e-15,0.3546369402980319,0.3816154684000863,0.7362524086981181,0.006825241349756974,-0.7969348289309551,PASS_EXACT_CONDITIONAL_EXPECTATION
vasicek_mrjd_vanilla_put,0.08,1.0,GradOne,8192,20461042,0.0769404335635048,0.05042917606631467,0.0,2.26234096051117,2.425007458494623,4.687348419005794,0.017205272978748968,-1.5408797948126374,PASS_EXACT_CONDITIONAL_EXPECTATION
vasicek_mrjd_vanilla_put,0.08,1.0,GradTwo,8192,20461042,0.0765972340789447,0.04874772818406212,3.552713678800501e-15,2.255572273519004,2.423093071965838,4.678665345484841,0.01719848041285784,-1.619300381565216,PASS_EXACT_CONDITIONAL_EXPECTATION
vasicek_mrjd_vanilla_put,0.7,0.2,GradOne,8192,20461050,0.05005969117266407,0.08468886073108953,0.0,2.0455036063088627,3.3542185673564577,5.399722173665321,0.020234883461747566,1.7113599702162419,PASS_EXACT_CONDITIONAL_EXPECTATION
vasicek_mrjd_vanilla_put,0.7,0.2,GradTwo,8192,20461050,0.0492869180965336,0.08292340901955494,1.4210854715202004e-14,2.0546193963713213,3.388011069156218,5.4426304655275395,0.020336557475771525,1.6539913878292847,PASS_EXACT_CONDITIONAL_EXPECTATION
vasicek_mrjd_vanilla_put,0.7,0.33,GradOne,8192,20461051,0.09709618930548075,0.09895912625833672,1.7763568394002505e-15,3.5673398715912317,5.8275099584177825,9.394849830009015,0.02667144468754778,0.06984762072996291,PASS_EXACT_CONDITIONAL_EXPECTATION
vasicek_mrjd_vanilla_put,0.7,0.33,GradTwo,8192,20461051,0.0900496654852091,0.09342278212385571,8.881784197001252e-15,3.518113657153104,5.849454543887742,9.367568201040847,0.02672161567209067,0.12623176233200975,PASS_EXACT_CONDITIONAL_EXPECTATION
vasicek_mrjd_vanilla_put,0.7,1.0,GradOne,8192,20461052,0.6295107893845995,0.6437815717071278,3.552713678800501e-15,21.933608197662384,35.56837009168484,57.50197828934722,0.0658926555255411,0.2165762209567737,PASS_EXACT_CONDITIONAL_EXPECTATION
vasicek_mrjd_vanilla_put,0.7,1.0,GradTwo,8192,20461052,0.5833272767355875,0.6108701779094006,1.4210854715202004e-14,20.380115815861465,34.333617131599,54.713732947460464,0.0647388243058958,0.425446422129492,PASS_EXACT_CONDITIONAL_EXPECTATION
vasicek_mrjd_asian_call_4,0.01,0.2,GradOne,8192,20461130,0.0007399519358205998,0.0011379439137528128,0.0,0.0020780518806381805,0.002080444268456704,0.004158496149094884,0.0005039449195987035,0.7897529322235018,PASS_EXACT_CONDITIONAL_EXPECTATION
vasicek_mrjd_asian_call_4,0.01,0.2,GradTwo,8192,20461130,0.000739930059159127,0.00113792203709134,0.0,0.002078063712154623,0.002080444268456704,0.004158507980611327,0.0005039449195987035,0.7897529322235018,PASS_EXACT_CONDITIONAL_EXPECTATION
vasicek_mrjd_asian_call_4,0.01,0.33,GradOne,8192,20461131,0.0017834869121577121,0.001623951164693444,0.0,0.0045119534450613515,0.004512263088228987,0.009024216533290339,0.000742168016868369,-0.2149590710435632,PASS_EXACT_CONDITIONAL_EXPECTATION
vasicek_mrjd_asian_call_4,0.01,0.33,GradTwo,8192,20461131,0.0017812335200671735,0.0016216977726029053,0.0,0.004524269853127083,0.004512263088228989,0.009036532941356073,0.0007421680168683691,-0.21495907104356318,PASS_EXACT_CONDITIONAL_EXPECTATION
vasicek_mrjd_asian_call_4,0.01,1.0,GradOne,8192,20461132,0.005052338402869163,0.003404358539233177,0.0,0.03209288670266406,0.032081716670760464,0.06417460337342452,0.001978945471592431,-0.8327565803568499,PASS_EXACT_CONDITIONAL_EXPECTATION
vasicek_mrjd_asian_call_4,0.01,1.0,GradTwo,8192,20461132,0.005051677870664318,0.0034036980070283303,3.552713678800501e-15,0.0321125826545051,0.03208171667076047,0.06419429932526557,0.001978945471592431,-0.8327565803568503,PASS_EXACT_CONDITIONAL_EXPECTATION
vasicek_mrjd_asian_call_4,0.08,0.2,GradOne,8192,20461140,0.005634400812344794,0.005874955727507251,0.0,0.026167559549561153,0.0274311260000124,0.05359868554957355,0.0018298978449761583,0.1314581116223964,PASS_EXACT_CONDITIONAL_EXPECTATION
vasicek_mrjd_asian_call_4,0.08,0.2,GradTwo,8192,20461140,0.00576651698290957,0.0058995509213605754,0.0,0.025529961735369477,0.02696743364094723,0.0524973953763167,0.001814365743689359,0.07332255853800178,PASS_EXACT_CONDITIONAL_EXPECTATION
vasicek_mrjd_asian_call_4,0.08,0.33,GradOne,8192,20461141,0.009736506755272848,0.009640059405259204,0.0,0.04029552598827596,0.03981341559777779,0.08010894158605375,0.002204548952441998,-0.04374924399243153,PASS_EXACT_CONDITIONAL_EXPECTATION
vasicek_mrjd_asian_call_4,0.08,0.33,GradTwo,8192,20461141,0.010034286555927186,0.009733397556509395,3.552713678800501e-15,0.038985528635305355,0.038963629426482425,0.07794915806178779,0.0021808948668436325,-0.1379658432839834,PASS_EXACT_CONDITIONAL_EXPECTATION
vasicek_mrjd_asian_call_4,0.08,1.0,GradOne,8192,20461142,0.07620100714707957,0.07556144880030742,0.0,0.508556633600475,0.5217923540396411,1.030348987640116,0.007980937020032774,-0.08013574661306193,PASS_EXACT_CONDITIONAL_EXPECTATION
vasicek_mrjd_asian_call_4,0.08,1.0,GradTwo,8192,20461142,0.07502774713491299,0.07533502111885068,3.552713678800501e-15,0.49919223500986326,0.5297487425354279,1.0289409775452911,0.008041554237072689,0.038210770564863855,PASS_EXACT_CONDITIONAL_EXPECTATION
vasicek_mrjd_asian_call_4,0.7,0.2,GradOne,8192,20461150,0.05455907765470423,0.0529158360218117,0.0,0.24426169500623995,0.37939863049056455,0.6236603254968045,0.006805388261227661,-0.24146184902550968,PASS_EXACT_CONDITIONAL_EXPECTATION
vasicek_mrjd_asian_call_4,0.7,0.2,GradTwo,8192,20461150,0.05215529959594879,0.05020643589939995,3.552713678800501e-15,0.2410678882692438,0.3679757022394038,0.6090435905086475,0.006702157038205757,-0.29078156262816524,PASS_EXACT_CONDITIONAL_EXPECTATION
vasicek_mrjd_asian_call_4,0.7,0.33,GradOne,8192,20461151,0.10959595927560073,0.09437145094081817,0.0,0.3677839439198556,0.5698742324050965,0.9376581763249521,0.00834054708249931,-1.8253608767136686,PASS_EXACT_CONDITIONAL_EXPECTATION
vasicek_mrjd_asian_call_4,0.7,0.33,GradTwo,8192,20461151,0.1113489937823085,0.09864370257610182,7.105427357601002e-15,0.35152984531576736,0.5407266896444508,0.8922565349602182,0.00812444927253464,-1.5638341480151694,PASS_EXACT_CONDITIONAL_EXPECTATION
vasicek_mrjd_asian_call_4,0.7,1.0,GradOne,8192,20461152,0.5326005491827982,0.5625677365728141,0.0,4.0446000463321665,6.748443937413399,10.793043983745566,0.02870164908726995,1.0440928776913785,PASS_EXACT_CONDITIONAL_EXPECTATION
vasicek_mrjd_asian_call_4,0.7,1.0,GradTwo,8192,20461152,0.4840926816241606,0.5089813134255277,1.0658141036401503e-14,3.858776201374157,6.655518642743827,10.514294844117984,0.028503354900244898,0.8731825389843249,PASS_EXACT_CONDITIONAL_EXPECTATION
vasicek_mrjd_asian_put_12,0.01,0.2,GradOne,8192,20461230,0.0008579938794948303,0.0008387093634338932,0.0,0.008763296073989743,0.00876645766199097,0.017529753735980716,0.0010344680885930012,-0.01864196322108526,PASS_EXACT_CONDITIONAL_EXPECTATION
vasicek_mrjd_asian_put_12,0.01,0.2,GradTwo,8192,20461230,0.0008557719004271633,0.0008364873843662263,0.0,0.008753312935743674,0.00876645766199097,0.017519770597734644,0.0010344680885930012,-0.01864196322108526,PASS_EXACT_CONDITIONAL_EXPECTATION
vasicek_mrjd_asian_put_12,0.01,0.33,GradOne,8192,20461231,0.00044960356565453604,0.0017002759804980836,0.0,0.008748633860792077,0.008747336399614591,0.017495970260406668,0.0010333392897996176,1.2103211667157996,PASS_EXACT_CONDITIONAL_EXPECTATION
vasicek_mrjd_asian_put_12,0.01,0.33,GradTwo,8192,20461231,0.0004451829644713276,0.0016958553793148764,3.552713678800501e-15,0.008741340268000167,0.008747336399614593,0.01748867666761476,0.0010333392897996178,1.2103211667157994,PASS_EXACT_CONDITIONAL_EXPECTATION
vasicek_mrjd_asian_put_12,0.01,1.0,GradOne,8192,20461232,0.013774515376632863,0.014015090878413223,0.0,0.21888519297303496,0.23062274447179845,0.4495079374448334,0.005305863783332558,0.045341439510016436,PASS_EXACT_CONDITIONAL_EXPECTATION
vasicek_mrjd_asian_put_12,0.01,1.0,GradTwo,8192,20461232,0.013772186500144284,0.014012762001924644,7.105427357601002e-15,0.21882021888953423,0.23062274447179848,0.4494429633613327,0.005305863783332558,0.045341439510016686,PASS_EXACT_CONDITIONAL_EXPECTATION
vasicek_mrjd_asian_put_12,0.08,0.2,GradOne,8192,20461240,0.007221487145848181,0.005074192606255834,0.0,0.11109354041422846,0.1180158935785086,0.22910943399273706,0.003795554901341211,-0.5657392911991799,PASS_EXACT_CONDITIONAL_EXPECTATION
vasicek_mrjd_asian_put_12,0.08,0.2,GradTwo,8192,20461240,0.00719556706486244,0.004987936853869881,3.552713678800501e-15,0.11063509720018805,0.11801399274489505,0.2286490899450831,0.0037955243344947836,-0.5816403786241067,PASS_EXACT_CONDITIONAL_EXPECTATION
vasicek_mrjd_asian_put_12,0.08,0.33,GradOne,8192,20461241,0.01393432000487862,0.01586475459326351,0.0,0.1283819108105336,0.13758581570986075,0.26596772652039435,0.004098187833575971,0.4710459029156898,PASS_EXACT_CONDITIONAL_EXPECTATION
vasicek_mrjd_asian_put_12,0.08,0.33,GradTwo,8192,20461241,0.014095432751126435,0.016004940360972962,3.552713678800501e-15,0.12844701657305102,0.13796290067375186,0.26640991724680285,0.004103799994962151,0.4653023081511409,PASS_EXACT_CONDITIONAL_EXPECTATION
vasicek_mrjd_asian_put_12,0.08,1.0,GradOne,8192,20461242,0.0571301081768355,0.051595311318963555,0.0,0.8059606273253044,0.8738025692923724,1.6797631966176767,0.01032789197739901,-0.535907702170392,PASS_EXACT_CONDITIONAL_EXPECTATION
vasicek_mrjd_asian_put_12,0.08,1.0,GradTwo,8192,20461242,0.05721729014302297,0.05145656430500106,7.105427357601002e-15,0.8063882834311258,0.8743502967851466,1.6807385802162724,0.010331128397374151,-0.5576085802482241,PASS_EXACT_CONDITIONAL_EXPECTATION
vasicek_mrjd_asian_put_12,0.7,0.2,GradOne,8192,20461250,0.0611474669647786,0.062325879021575506,0.0,0.605890976155377,0.9390020294904856,1.5448930056458625,0.01070627251558813,0.11006744458271389,PASS_EXACT_CONDITIONAL_EXPECTATION
vasicek_mrjd_asian_put_12,0.7,0.2,GradTwo,8192,20461250,0.06007005138996835,0.06204080771315568,7.105427357601002e-15,0.6010595505129069,0.9487818850380375,1.5498414355509444,0.010761881861502304,0.18312376483495302,PASS_EXACT_CONDITIONAL_EXPECTATION
vasicek_mrjd_asian_put_12,0.7,0.33,GradOne,8192,20461251,0.09046006976598747,0.1164936544018855,0.0,1.0609067568610522,1.726419211202939,2.7873259680639912,0.014517042833082304,1.7933118290848555,PASS_EXACT_CONDITIONAL_EXPECTATION
vasicek_mrjd_asian_put_12,0.7,0.33,GradTwo,8192,20461251,0.08851095355223046,0.11597990139664074,7.105427357601002e-15,1.0423445645800815,1.751638585288743,2.793983149868825,0.014622690227630988,1.878515335878828,PASS_EXACT_CONDITIONAL_EXPECTATION
vasicek_mrjd_asian_put_12,0.7,1.0,GradOne,8192,20461252,0.5433401991143206,0.5949982164946847,3.552713678800501e-15,7.859923500271049,12.987936378979171,20.84785987925022,0.03981760229486585,1.2973663506359578,PASS_EXACT_CONDITIONAL_EXPECTATION
vasicek_mrjd_asian_put_12,0.7,1.0,GradTwo,8192,20461252,0.500943927637054,0.5534353275861897,7.105427357601002e-15,7.254635791691307,12.651455780231132,19.90609157192244,0.03929843712761037,1.3357121500451792,PASS_EXACT_CONDITIONAL_EXPECTATION
