variant,nominal_ratio,jump_rate,spot,strike,maturity,mean_reversion,long_run_mean,expected_jump_count,volatility,beta_positive_mean,beta_negative_mean,positive_probability,diffusion_market_price_of_risk,jump_mean,jump_absolute_mean,jump_second_moment,jump_variance,actual_axis_ratio
axis_fixed_signed_mean,0.2,0.01,40.0,35.0,1.0,0.24,0.63,0.01,5.16,0.0020000000000000018,2.0620000000000003,0.5,0.0,-1.0300000000000002,1.032,4.251848000000001,3.190948,0.2
axis_fixed_signed_mean,0.25,0.01,40.0,35.0,1.0,0.24,0.63,0.01,5.16,0.26,2.3200000000000003,0.5,0.0,-1.0300000000000002,1.29,5.450000000000001,4.389100000000001,0.25
axis_fixed_signed_mean,0.29,0.01,40.0,35.0,1.0,0.24,0.63,0.01,5.16,0.4663999999999999,2.5263999999999998,0.5,0.0,-1.0299999999999998,1.4964,6.600225919999999,5.53932592,0.29
axis_fixed_signed_mean,0.33,0.01,40.0,35.0,1.0,0.24,0.63,0.01,5.16,0.6728000000000001,2.7328,0.5,0.0,-1.03,1.7028,7.920855680000001,6.8599556800000006,0.33
axis_fixed_signed_mean,0.4,0.01,40.0,35.0,1.0,0.24,0.63,0.01,5.16,1.034,3.0940000000000003,0.5,0.0,-1.0300000000000002,2.064,10.641992000000002,9.581092000000002,0.4
axis_fixed_signed_mean,0.5,0.01,40.0,35.0,1.0,0.24,0.63,0.01,5.16,1.55,3.6100000000000003,0.5,0.0,-1.0300000000000002,2.58,15.434600000000001,14.373700000000001,0.5
axis_fixed_signed_mean,0.67,0.01,40.0,35.0,1.0,0.24,0.63,0.01,5.16,2.4272,4.4872000000000005,0.5,0.0,-1.0300000000000002,3.4572000000000003,26.026263680000007,24.965363680000006,0.67
axis_fixed_signed_mean,1.0,0.01,40.0,35.0,1.0,0.24,0.63,0.01,5.16,4.13,6.19,0.5,0.0,-1.0300000000000002,5.16,55.373000000000005,54.3121,1.0
axis_fixed_signed_mean,0.2,0.08,40.0,35.0,1.0,0.24,0.63,0.08,5.16,0.0020000000000000018,2.0620000000000003,0.5,0.0,-1.0300000000000002,1.032,4.251848000000001,3.190948,0.2
axis_fixed_signed_mean,0.25,0.08,40.0,35.0,1.0,0.24,0.63,0.08,5.16,0.26,2.3200000000000003,0.5,0.0,-1.0300000000000002,1.29,5.450000000000001,4.389100000000001,0.25
axis_fixed_signed_mean,0.29,0.08,40.0,35.0,1.0,0.24,0.63,0.08,5.16,0.4663999999999999,2.5263999999999998,0.5,0.0,-1.0299999999999998,1.4964,6.600225919999999,5.53932592,0.29
axis_fixed_signed_mean,0.33,0.08,40.0,35.0,1.0,0.24,0.63,0.08,5.16,0.6728000000000001,2.7328,0.5,0.0,-1.03,1.7028,7.920855680000001,6.8599556800000006,0.33
axis_fixed_signed_mean,0.4,0.08,40.0,35.0,1.0,0.24,0.63,0.08,5.16,1.034,3.0940000000000003,0.5,0.0,-1.0300000000000002,2.064,10.641992000000002,9.581092000000002,0.4
axis_fixed_signed_mean,0.5,0.08,40.0,35.0,1.0,0.24,0.63,0.08,5.16,1.55,3.6100000000000003,0.5,0.0,-1.0300000000000002,2.58,15.434600000000001,14.373700000000001,0.5
axis_fixed_signed_mean,0.67,0.08,40.0,35.0,1.0,0.24,0.63,0.08,5.16,2.4272,4.4872000000000005,0.5,0.0,-1.0300000000000002,3.4572000000000003,26.026263680000007,24.965363680000006,0.67
axis_fixed_signed_mean,1.0,0.08,40.0,35.0,1.0,0.24,0.63,0.08,5.16,4.13,6.19,0.5,0.0,-1.0300000000000002,5.16,55.373000000000005,54.3121,1.0
axis_fixed_signed_mean,0.2,0.7,40.0,35.0,1.0,0.24,0.63,0.7,5.16,0.0020000000000000018,2.0620000000000003,0.5,0.0,-1.0300000000000002,1.032,4.251848000000001,3.190948,0.2
axis_fixed_signed_mean,0.25,0.7,40.0,35.0,1.0,0.24,0.63,0.7,5.16,0.26,2.3200000000000003,0.5,0.0,-1.0300000000000002,1.29,5.450000000000001,4.389100000000001,0.25
axis_fixed_signed_mean,0.29,0.7,40.0,35.0,1.0,0.24,0.63,0.7,5.16,0.4663999999999999,2.5263999999999998,0.5,0.0,-1.0299999999999998,1.4964,6.600225919999999,5.53932592,0.29
axis_fixed_signed_mean,0.33,0.7,40.0,35.0,1.0,0.24,0.63,0.7,5.16,0.6728000000000001,2.7328,0.5,0.0,-1.03,1.7028,7.920855680000001,6.8599556800000006,0.33
axis_fixed_signed_mean,0.4,0.7,40.0,35.0,1.0,0.24,0.63,0.7,5.16,1.034,3.0940000000000003,0.5,0.0,-1.0300000000000002,2.064,10.641992000000002,9.581092000000002,0.4
axis_fixed_signed_mean,0.5,0.7,40.0,35.0,1.0,0.24,0.63,0.7,5.16,1.55,3.6100000000000003,0.5,0.0,-1.0300000000000002,2.58,15.434600000000001,14.373700000000001,0.5
axis_fixed_signed_mean,0.67,0.7,40.0,35.0,1.0,0.24,0.63,0.7,5.16,2.4272,4.4872000000000005,0.5,0.0,-1.0300000000000002,3.4572000000000003,26.026263680000007,24.965363680000006,0.67
axis_fixed_signed_mean,1.0,0.7,40.0,35.0,1.0,0.24,0.63,0.7,5.16,4.13,6.19,0.5,0.0,-1.0300000000000002,5.16,55.373000000000005,54.3121,1.0
axis_fixed_asymmetry,0.2,0.01,40.0,35.0,1.0,0.24,0.63,0.01,5.16,0.7963104212860311,1.267689578713969,0.5,0.0,-0.23568957871396895,1.032,2.2411471550287367,2.185597577514369,0.2
axis_fixed_asymmetry,0.25,0.01,40.0,35.0,1.0,0.24,0.63,0.01,5.16,0.9953880266075389,1.5846119733924615,0.5,0.0,-0.2946119733924613,1.2900000000000003,3.5017924297324017,3.414996214866201,0.25000000000000006
axis_fixed_asymmetry,0.29,0.01,40.0,35.0,1.0,0.24,0.63,0.01,5.16,1.154650110864745,1.838149889135255,0.5,0.0,-0.34174988913525506,1.4964,4.712011893447918,4.595218906723959,0.29
axis_fixed_asymmetry,0.33,0.01,40.0,35.0,1.0,0.24,0.63,0.01,5.16,1.3139121951219515,2.091687804878049,0.5,0.0,-0.38888780487804875,1.7028000000000003,6.101523129565736,5.950289404782869,0.33000000000000007
axis_fixed_asymmetry,0.4,0.01,40.0,35.0,1.0,0.24,0.63,0.01,5.16,1.5926208425720623,2.535379157427938,0.5,0.0,-0.4713791574279379,2.064,8.964588620114947,8.742390310057475,0.4
axis_fixed_asymmetry,0.5,0.01,40.0,35.0,1.0,0.24,0.63,0.01,5.16,1.9907760532150778,3.169223946784923,0.5,0.0,-0.5892239467849226,2.5800000000000005,14.007169718929607,13.659984859464805,0.5000000000000001
axis_fixed_asymmetry,0.67,0.01,40.0,35.0,1.0,0.24,0.63,0.01,5.16,2.6676399113082043,4.246760088691797,0.5,0.0,-0.7895600886917964,3.4572000000000007,25.151273947310003,24.527868813655004,0.6700000000000002
axis_fixed_asymmetry,1.0,0.01,40.0,35.0,1.0,0.24,0.63,0.01,5.16,3.9815521064301556,6.338447893569846,0.5,0.0,-1.1784478935698453,5.160000000000001,56.02867887571843,54.63993943785922,1.0000000000000002
axis_fixed_asymmetry,0.2,0.08,40.0,35.0,1.0,0.24,0.63,0.08,5.16,0.7963104212860311,1.267689578713969,0.5,0.0,-0.23568957871396895,1.032,2.2411471550287367,2.185597577514369,0.2
axis_fixed_asymmetry,0.25,0.08,40.0,35.0,1.0,0.24,0.63,0.08,5.16,0.9953880266075389,1.5846119733924615,0.5,0.0,-0.2946119733924613,1.2900000000000003,3.5017924297324017,3.414996214866201,0.25000000000000006
axis_fixed_asymmetry,0.29,0.08,40.0,35.0,1.0,0.24,0.63,0.08,5.16,1.154650110864745,1.838149889135255,0.5,0.0,-0.34174988913525506,1.4964,4.712011893447918,4.595218906723959,0.29
axis_fixed_asymmetry,0.33,0.08,40.0,35.0,1.0,0.24,0.63,0.08,5.16,1.3139121951219515,2.091687804878049,0.5,0.0,-0.38888780487804875,1.7028000000000003,6.101523129565736,5.950289404782869,0.33000000000000007
axis_fixed_asymmetry,0.4,0.08,40.0,35.0,1.0,0.24,0.63,0.08,5.16,1.5926208425720623,2.535379157427938,0.5,0.0,-0.4713791574279379,2.064,8.964588620114947,8.742390310057475,0.4
axis_fixed_asymmetry,0.5,0.08,40.0,35.0,1.0,0.24,0.63,0.08,5.16,1.9907760532150778,3.169223946784923,0.5,0.0,-0.5892239467849226,2.5800000000000005,14.007169718929607,13.659984859464805,0.5000000000000001
axis_fixed_asymmetry,0.67,0.08,40.0,35.0,1.0,0.24,0.63,0.08,5.16,2.6676399113082043,4.246760088691797,0.5,0.0,-0.7895600886917964,3.4572000000000007,25.151273947310003,24.527868813655004,0.6700000000000002
axis_fixed_asymmetry,1.0,0.08,40.0,35.0,1.0,0.24,0.63,0.08,5.16,3.9815521064301556,6.338447893569846,0.5,0.0,-1.1784478935698453,5.160000000000001,56.02867887571843,54.63993943785922,1.0000000000000002
axis_fixed_asymmetry,0.2,0.7,40.0,35.0,1.0,0.24,0.63,0.7,5.16,0.7963104212860311,1.267689578713969,0.5,0.0,-0.23568957871396895,1.032,2.2411471550287367,2.185597577514369,0.2
axis_fixed_asymmetry,0.25,0.7,40.0,35.0,1.0,0.24,0.63,0.7,5.16,0.9953880266075389,1.5846119733924615,0.5,0.0,-0.2946119733924613,1.2900000000000003,3.5017924297324017,3.414996214866201,0.25000000000000006
axis_fixed_asymmetry,0.29,0.7,40.0,35.0,1.0,0.24,0.63,0.7,5.16,1.154650110864745,1.838149889135255,0.5,0.0,-0.34174988913525506,1.4964,4.712011893447918,4.595218906723959,0.29
axis_fixed_asymmetry,0.33,0.7,40.0,35.0,1.0,0.24,0.63,0.7,5.16,1.3139121951219515,2.091687804878049,0.5,0.0,-0.38888780487804875,1.7028000000000003,6.101523129565736,5.950289404782869,0.33000000000000007
axis_fixed_asymmetry,0.4,0.7,40.0,35.0,1.0,0.24,0.63,0.7,5.16,1.5926208425720623,2.535379157427938,0.5,0.0,-0.4713791574279379,2.064,8.964588620114947,8.742390310057475,0.4
axis_fixed_asymmetry,0.5,0.7,40.0,35.0,1.0,0.24,0.63,0.7,5.16,1.9907760532150778,3.169223946784923,0.5,0.0,-0.5892239467849226,2.5800000000000005,14.007169718929607,13.659984859464805,0.5000000000000001
axis_fixed_asymmetry,0.67,0.7,40.0,35.0,1.0,0.24,0.63,0.7,5.16,2.6676399113082043,4.246760088691797,0.5,0.0,-0.7895600886917964,3.4572000000000007,25.151273947310003,24.527868813655004,0.6700000000000002
axis_fixed_asymmetry,1.0,0.7,40.0,35.0,1.0,0.24,0.63,0.7,5.16,3.9815521064301556,6.338447893569846,0.5,0.0,-1.1784478935698453,5.160000000000001,56.02867887571843,54.63993943785922,1.0000000000000002
table_beta_as_rates,0.2,0.01,40.0,35.0,1.0,0.24,0.63,0.01,5.16,1.267689578713969,0.7963104212860311,0.5,0.0,0.23568957871396895,1.032,2.2411471550287367,2.185597577514369,0.2
table_beta_as_rates,0.25,0.01,40.0,35.0,1.0,0.24,0.63,0.01,5.16,1.584611973392461,0.9953880266075389,0.5,0.0,0.2946119733924611,1.29,3.5017924297324003,3.4149962148662003,0.25
table_beta_as_rates,0.29,0.01,40.0,35.0,1.0,0.24,0.63,0.01,5.16,1.8381498891352548,1.1546501108647451,0.5,0.0,0.34174988913525484,1.4964,4.712011893447918,4.595218906723959,0.29
table_beta_as_rates,0.33,0.01,40.0,35.0,1.0,0.24,0.63,0.01,5.16,2.091687804878049,1.3139121951219515,0.5,0.0,0.38888780487804875,1.7028000000000003,6.101523129565736,5.950289404782869,0.33000000000000007
table_beta_as_rates,0.4,0.01,40.0,35.0,1.0,0.24,0.63,0.01,5.16,2.535379157427938,1.5926208425720623,0.5,0.0,0.4713791574279379,2.064,8.964588620114947,8.742390310057475,0.4
table_beta_as_rates,0.5,0.01,40.0,35.0,1.0,0.24,0.63,0.01,5.16,3.169223946784922,1.9907760532150778,0.5,0.0,0.5892239467849222,2.58,14.007169718929601,13.659984859464801,0.5
table_beta_as_rates,0.67,0.01,40.0,35.0,1.0,0.24,0.63,0.01,5.16,4.246760088691796,2.6676399113082043,0.5,0.0,0.789560088691796,3.4572000000000003,25.151273947309996,24.527868813654997,0.67
table_beta_as_rates,1.0,0.01,40.0,35.0,1.0,0.24,0.63,0.01,5.16,6.338447893569844,3.9815521064301556,0.5,0.0,1.1784478935698444,5.16,56.028678875718406,54.639939437859205,1.0
table_beta_as_rates,0.2,0.08,40.0,35.0,1.0,0.24,0.63,0.08,5.16,1.267689578713969,0.7963104212860311,0.5,0.0,0.23568957871396895,1.032,2.2411471550287367,2.185597577514369,0.2
table_beta_as_rates,0.25,0.08,40.0,35.0,1.0,0.24,0.63,0.08,5.16,1.584611973392461,0.9953880266075389,0.5,0.0,0.2946119733924611,1.29,3.5017924297324003,3.4149962148662003,0.25
table_beta_as_rates,0.29,0.08,40.0,35.0,1.0,0.24,0.63,0.08,5.16,1.8381498891352548,1.1546501108647451,0.5,0.0,0.34174988913525484,1.4964,4.712011893447918,4.595218906723959,0.29
table_beta_as_rates,0.33,0.08,40.0,35.0,1.0,0.24,0.63,0.08,5.16,2.091687804878049,1.3139121951219515,0.5,0.0,0.38888780487804875,1.7028000000000003,6.101523129565736,5.950289404782869,0.33000000000000007
table_beta_as_rates,0.4,0.08,40.0,35.0,1.0,0.24,0.63,0.08,5.16,2.535379157427938,1.5926208425720623,0.5,0.0,0.4713791574279379,2.064,8.964588620114947,8.742390310057475,0.4
table_beta_as_rates,0.5,0.08,40.0,35.0,1.0,0.24,0.63,0.08,5.16,3.169223946784922,1.9907760532150778,0.5,0.0,0.5892239467849222,2.58,14.007169718929601,13.659984859464801,0.5
table_beta_as_rates,0.67,0.08,40.0,35.0,1.0,0.24,0.63,0.08,5.16,4.246760088691796,2.6676399113082043,0.5,0.0,0.789560088691796,3.4572000000000003,25.151273947309996,24.527868813654997,0.67
table_beta_as_rates,1.0,0.08,40.0,35.0,1.0,0.24,0.63,0.08,5.16,6.338447893569844,3.9815521064301556,0.5,0.0,1.1784478935698444,5.16,56.028678875718406,54.639939437859205,1.0
table_beta_as_rates,0.2,0.7,40.0,35.0,1.0,0.24,0.63,0.7,5.16,1.267689578713969,0.7963104212860311,0.5,0.0,0.23568957871396895,1.032,2.2411471550287367,2.185597577514369,0.2
table_beta_as_rates,0.25,0.7,40.0,35.0,1.0,0.24,0.63,0.7,5.16,1.584611973392461,0.9953880266075389,0.5,0.0,0.2946119733924611,1.29,3.5017924297324003,3.4149962148662003,0.25
table_beta_as_rates,0.29,0.7,40.0,35.0,1.0,0.24,0.63,0.7,5.16,1.8381498891352548,1.1546501108647451,0.5,0.0,0.34174988913525484,1.4964,4.712011893447918,4.595218906723959,0.29
table_beta_as_rates,0.33,0.7,40.0,35.0,1.0,0.24,0.63,0.7,5.16,2.091687804878049,1.3139121951219515,0.5,0.0,0.38888780487804875,1.7028000000000003,6.101523129565736,5.950289404782869,0.33000000000000007
table_beta_as_rates,0.4,0.7,40.0,35.0,1.0,0.24,0.63,0.7,5.16,2.535379157427938,1.5926208425720623,0.5,0.0,0.4713791574279379,2.064,8.964588620114947,8.742390310057475,0.4
table_beta_as_rates,0.5,0.7,40.0,35.0,1.0,0.24,0.63,0.7,5.16,3.169223946784922,1.9907760532150778,0.5,0.0,0.5892239467849222,2.58,14.007169718929601,13.659984859464801,0.5
table_beta_as_rates,0.67,0.7,40.0,35.0,1.0,0.24,0.63,0.7,5.16,4.246760088691796,2.6676399113082043,0.5,0.0,0.789560088691796,3.4572000000000003,25.151273947309996,24.527868813654997,0.67
table_beta_as_rates,1.0,0.7,40.0,35.0,1.0,0.24,0.63,0.7,5.16,6.338447893569844,3.9815521064301556,0.5,0.0,1.1784478935698444,5.16,56.028678875718406,54.639939437859205,1.0
absolute_beta_gap,0.2,0.01,40.0,35.0,1.0,0.24,0.63,0.01,5.16,0.08446601941747571,0.1344660194174757,0.5,0.0,-0.025,0.10946601941747572,0.02521561881421434,0.02459061881421434,0.021214344848348006
absolute_beta_gap,0.25,0.01,40.0,35.0,1.0,0.24,0.63,0.01,5.16,0.06757281553398058,0.10757281553398057,0.5,0.0,-0.019999999999999997,0.08757281553398058,0.016137996041097176,0.015737996041097175,0.016971475878678408
absolute_beta_gap,0.29,0.01,40.0,35.0,1.0,0.24,0.63,0.01,5.16,0.05825242718446603,0.09273518580515569,0.5,0.0,-0.01724137931034483,0.07549380649481086,0.011993159959198266,0.01169589479867508,0.014630582654033112
absolute_beta_gap,0.33,0.01,40.0,35.0,1.0,0.24,0.63,0.01,5.16,0.05119152691968226,0.08149455722271257,0.5,0.0,-0.015151515151515152,0.06634304207119741,0.009261935285294527,0.009032366873907934,0.012857178695968492
absolute_beta_gap,0.4,0.01,40.0,35.0,1.0,0.24,0.63,0.01,5.16,0.042233009708737855,0.06723300970873786,0.5,0.0,-0.0125,0.05473300970873786,0.006303904703553585,0.006147654703553585,0.010607172424174003
absolute_beta_gap,0.5,0.01,40.0,35.0,1.0,0.24,0.63,0.01,5.16,0.03378640776699029,0.053786407766990285,0.5,0.0,-0.009999999999999998,0.04378640776699029,0.004034499010274294,0.003934499010274294,0.008485737939339204
absolute_beta_gap,0.67,0.01,40.0,35.0,1.0,0.24,0.63,0.01,5.16,0.025213737139544994,0.04013911027387335,0.5,0.0,-0.00746268656716418,0.03267642370670917,0.002246880714120236,0.0021911890233205036,0.006332640253238212
absolute_beta_gap,1.0,0.01,40.0,35.0,1.0,0.24,0.63,0.01,5.16,0.016893203883495144,0.026893203883495143,0.5,0.0,-0.004999999999999999,0.021893203883495145,0.0010086247525685735,0.0009836247525685734,0.004242868969669602
absolute_beta_gap,0.2,0.08,40.0,35.0,1.0,0.24,0.63,0.08,5.16,0.6757281553398057,1.0757281553398057,0.5,0.0,-0.2,0.8757281553398057,1.6137996041097178,1.5737996041097178,0.16971475878678405
absolute_beta_gap,0.25,0.08,40.0,35.0,1.0,0.24,0.63,0.08,5.16,0.5405825242718446,0.8605825242718446,0.5,0.0,-0.15999999999999998,0.7005825242718446,1.0328317466302193,1.0072317466302192,0.13577180702942726
absolute_beta_gap,0.29,0.08,40.0,35.0,1.0,0.24,0.63,0.08,5.16,0.4660194174757282,0.7418814864412455,0.5,0.0,-0.13793103448275865,0.6039504519584868,0.767562237388689,0.7485372671152051,0.1170446612322649
absolute_beta_gap,0.33,0.08,40.0,35.0,1.0,0.24,0.63,0.08,5.16,0.4095322153574581,0.6519564577817005,0.5,0.0,-0.12121212121212122,0.5307443365695793,0.5927638582588497,0.5780714799301078,0.10285742956774793
absolute_beta_gap,0.4,0.08,40.0,35.0,1.0,0.24,0.63,0.08,5.16,0.33786407766990284,0.5378640776699029,0.5,0.0,-0.1,0.4378640776699029,0.40344990102742945,0.39344990102742944,0.08485737939339202
absolute_beta_gap,0.5,0.08,40.0,35.0,1.0,0.24,0.63,0.08,5.16,0.2702912621359223,0.4302912621359223,0.5,0.0,-0.07999999999999999,0.3502912621359223,0.2582079366575548,0.2518079366575548,0.06788590351471363
absolute_beta_gap,0.67,0.08,40.0,35.0,1.0,0.24,0.63,0.08,5.16,0.20170989711635995,0.3211128821909868,0.5,0.0,-0.05970149253731344,0.2614113896536734,0.14380036570369512,0.14023609749251223,0.0506611220259057
absolute_beta_gap,1.0,0.08,40.0,35.0,1.0,0.24,0.63,0.08,5.16,0.13514563106796115,0.21514563106796114,0.5,0.0,-0.039999999999999994,0.17514563106796116,0.0645519841643887,0.0629519841643887,0.033942951757356815
absolute_beta_gap,0.2,0.7,40.0,35.0,1.0,0.24,0.63,0.7,5.16,5.9126213592233,9.4126213592233,0.5,0.0,-1.75,7.6626213592233,123.55653218965026,120.49403218965026,1.4850041393843603
absolute_beta_gap,0.25,0.7,40.0,35.0,1.0,0.24,0.63,0.7,5.16,4.73009708737864,7.53009708737864,0.5,0.0,-1.4,6.1300970873786405,79.07618060137617,77.11618060137617,1.1880033115074884
absolute_beta_gap,0.29,0.7,40.0,35.0,1.0,0.24,0.63,0.7,5.16,4.07766990291262,6.491463006360896,0.5,0.0,-1.206896551724138,5.284566454636758,58.76648380007146,57.309884513507846,1.0241407857823175
absolute_beta_gap,0.33,0.7,40.0,35.0,1.0,0.24,0.63,0.7,5.16,3.5834068843777582,5.704619005589879,0.5,0.0,-1.0606060606060603,4.644012944983818,45.38348289794317,44.25859768214886,0.9000025087177942
absolute_beta_gap,0.4,0.7,40.0,35.0,1.0,0.24,0.63,0.7,5.16,2.95631067961165,4.70631067961165,0.5,0.0,-0.875,3.83131067961165,30.889133047412564,30.123508047412564,0.7425020696921801
absolute_beta_gap,0.5,0.7,40.0,35.0,1.0,0.24,0.63,0.7,5.16,2.36504854368932,3.76504854368932,0.5,0.0,-0.7,3.0650485436893202,19.76904515034404,19.279045150344043,0.5940016557537442
absolute_beta_gap,0.67,0.7,40.0,35.0,1.0,0.24,0.63,0.7,5.16,1.7649615997681494,2.8097377191711344,0.5,0.0,-0.5223880597014925,2.287349659469642,11.009715499189154,10.736826214270463,0.4432848177266748
absolute_beta_gap,1.0,0.7,40.0,35.0,1.0,0.24,0.63,0.7,5.16,1.18252427184466,1.88252427184466,0.5,0.0,-0.35,1.5325242718446601,4.94226128758601,4.819761287586011,0.2970008278768721
fixed_marks_vary_sigma,0.2,0.01,40.0,35.0,1.0,0.24,0.63,0.01,22.549999999999997,3.48,5.54,0.5,0.0,-1.03,4.51,42.802,41.7411,0.2
fixed_marks_vary_sigma,0.25,0.01,40.0,35.0,1.0,0.24,0.63,0.01,18.04,3.48,5.54,0.5,0.0,-1.03,4.51,42.802,41.7411,0.25
fixed_marks_vary_sigma,0.29,0.01,40.0,35.0,1.0,0.24,0.63,0.01,15.551724137931036,3.48,5.54,0.5,0.0,-1.03,4.51,42.802,41.7411,0.29
fixed_marks_vary_sigma,0.33,0.01,40.0,35.0,1.0,0.24,0.63,0.01,13.666666666666666,3.48,5.54,0.5,0.0,-1.03,4.51,42.802,41.7411,0.33
fixed_marks_vary_sigma,0.4,0.01,40.0,35.0,1.0,0.24,0.63,0.01,11.274999999999999,3.48,5.54,0.5,0.0,-1.03,4.51,42.802,41.7411,0.4
fixed_marks_vary_sigma,0.5,0.01,40.0,35.0,1.0,0.24,0.63,0.01,9.02,3.48,5.54,0.5,0.0,-1.03,4.51,42.802,41.7411,0.5
fixed_marks_vary_sigma,0.67,0.01,40.0,35.0,1.0,0.24,0.63,0.01,6.731343283582089,3.48,5.54,0.5,0.0,-1.03,4.51,42.802,41.7411,0.67
fixed_marks_vary_sigma,1.0,0.01,40.0,35.0,1.0,0.24,0.63,0.01,4.51,3.48,5.54,0.5,0.0,-1.03,4.51,42.802,41.7411,1.0
fixed_marks_vary_sigma,0.2,0.08,40.0,35.0,1.0,0.24,0.63,0.08,22.549999999999997,3.48,5.54,0.5,0.0,-1.03,4.51,42.802,41.7411,0.2
fixed_marks_vary_sigma,0.25,0.08,40.0,35.0,1.0,0.24,0.63,0.08,18.04,3.48,5.54,0.5,0.0,-1.03,4.51,42.802,41.7411,0.25
fixed_marks_vary_sigma,0.29,0.08,40.0,35.0,1.0,0.24,0.63,0.08,15.551724137931036,3.48,5.54,0.5,0.0,-1.03,4.51,42.802,41.7411,0.29
fixed_marks_vary_sigma,0.33,0.08,40.0,35.0,1.0,0.24,0.63,0.08,13.666666666666666,3.48,5.54,0.5,0.0,-1.03,4.51,42.802,41.7411,0.33
fixed_marks_vary_sigma,0.4,0.08,40.0,35.0,1.0,0.24,0.63,0.08,11.274999999999999,3.48,5.54,0.5,0.0,-1.03,4.51,42.802,41.7411,0.4
fixed_marks_vary_sigma,0.5,0.08,40.0,35.0,1.0,0.24,0.63,0.08,9.02,3.48,5.54,0.5,0.0,-1.03,4.51,42.802,41.7411,0.5
fixed_marks_vary_sigma,0.67,0.08,40.0,35.0,1.0,0.24,0.63,0.08,6.731343283582089,3.48,5.54,0.5,0.0,-1.03,4.51,42.802,41.7411,0.67
fixed_marks_vary_sigma,1.0,0.08,40.0,35.0,1.0,0.24,0.63,0.08,4.51,3.48,5.54,0.5,0.0,-1.03,4.51,42.802,41.7411,1.0
fixed_marks_vary_sigma,0.2,0.7,40.0,35.0,1.0,0.24,0.63,0.7,22.549999999999997,3.48,5.54,0.5,0.0,-1.03,4.51,42.802,41.7411,0.2
fixed_marks_vary_sigma,0.25,0.7,40.0,35.0,1.0,0.24,0.63,0.7,18.04,3.48,5.54,0.5,0.0,-1.03,4.51,42.802,41.7411,0.25
fixed_marks_vary_sigma,0.29,0.7,40.0,35.0,1.0,0.24,0.63,0.7,15.551724137931036,3.48,5.54,0.5,0.0,-1.03,4.51,42.802,41.7411,0.29
fixed_marks_vary_sigma,0.33,0.7,40.0,35.0,1.0,0.24,0.63,0.7,13.666666666666666,3.48,5.54,0.5,0.0,-1.03,4.51,42.802,41.7411,0.33
fixed_marks_vary_sigma,0.4,0.7,40.0,35.0,1.0,0.24,0.63,0.7,11.274999999999999,3.48,5.54,0.5,0.0,-1.03,4.51,42.802,41.7411,0.4
fixed_marks_vary_sigma,0.5,0.7,40.0,35.0,1.0,0.24,0.63,0.7,9.02,3.48,5.54,0.5,0.0,-1.03,4.51,42.802,41.7411,0.5
fixed_marks_vary_sigma,0.67,0.7,40.0,35.0,1.0,0.24,0.63,0.7,6.731343283582089,3.48,5.54,0.5,0.0,-1.03,4.51,42.802,41.7411,0.67
fixed_marks_vary_sigma,1.0,0.7,40.0,35.0,1.0,0.24,0.63,0.7,4.51,3.48,5.54,0.5,0.0,-1.03,4.51,42.802,41.7411,1.0
