jump_rate,maturity,n_paths,category,observed_count,observed_probability,expected_probability,stratification_weight,per_path_randomized_stratum_weight,status
0.01,1.0,100000,zero_jumps,99005,0.99005,0.9900498337491681,0.9900498337491681,1e-05,PASS
0.01,1.0,100000,one_jump,988,0.00988,0.009900498337491688,0.009900498337491688,1e-05,PASS
0.01,1.0,100000,multiple_jumps,7,7e-05,4.966791334026596e-05,4.966791334026596e-05,1e-05,PASS
0.08,1.0,100000,zero_jumps,92312,0.92312,0.9231163463866358,0.9231163463866358,1e-05,PASS
0.08,1.0,100000,one_jump,7409,0.07409,0.07384930771093084,0.07384930771093084,1e-05,PASS
0.08,1.0,100000,multiple_jumps,279,0.00279,0.003034345902433353,0.003034345902433353,1e-05,PASS
0.7,1.0,100000,zero_jumps,49658,0.49658,0.4965853037914095,0.4965853037914095,1e-05,PASS
0.7,1.0,100000,one_jump,34655,0.34655,0.34760971265398666,0.34760971265398666,1e-05,PASS
0.7,1.0,100000,multiple_jumps,15687,0.15687,0.1558049835546038,0.1558049835546038,1e-05,PASS
